"molecule_design";"Plate ID";"Sample ID";"Plate Name";"Location (Row-Col)";"Row";"Col";"RefSeq Accession Number";"Gene Symbol";"Full Gene Name";"Gene ID";"siRNA ID";"Amount";"Exon(s) Targeted";"Exon Image";"Sense siRNA Sequence";"Antisense siRNA Sequence";"Validated";"Mean RNA Levels Remaining";"Plus Error Bar";"Minus Error Bar";"Validation Cell Line";"Matrix 2D Code";"Customer Barcode"
"AMO03E7Q";"CPF01021";"ASO0Q7EJ";"0004298282-1";"A1";"A";1;"NM_181514";"MRPL21";"mitochondrial ribosomal protein L21";219927;"s47766";"1 nmole";"2,2";"http://www.ambion.com/catalog/exon_sirna.php?id=47766";"CGAAGGUUCAAUUCACAGAtt";"UCUGUGAAUUGAACCUUCGag";;;;;;1052086106;
"AMO03E7Q";"CPF01021";"ASO0Q7EK";"0004298282-1";"A2";"A";2;"NM_181514";"MRPL21";"mitochondrial ribosomal protein L21";219927;"s47767";"1 nmole";"4,4";"http://www.ambion.com/catalog/exon_sirna.php?id=47767";"ACCUGAUCUUAAUUGGAAAtt";"UUUCCAAUUAAGAUCAGGUct";;;;;;1052086107;
"AMO03E7Q";"CPF01021";"ASO0Q7EL";"0004298282-1";"A3";"A";3;"NM_181514";"MRPL21";"mitochondrial ribosomal protein L21";219927;"s47768";"1 nmole";"6,6";"http://www.ambion.com/catalog/exon_sirna.php?id=47768";"GGAUCUUGUUCGAGUAGAAtt";"UUCUACUCGAACAAGAUCCtt";;;;;;1052086108;
"AMO03E7Q";"CPF01021";"ASO0Q7EM";"0004298282-1";"A4";"A";4;"NM_021821";"MRPS35";"mitochondrial ribosomal protein S35";60488;"s34087";"1 nmole";6;"http://www.ambion.com/catalog/exon_sirna.php?id=34087";"GGAGAGCGAUACUGCAAGAtt";"UCUUGCAGUAUCGCUCUCCta";;;;;;1052086109;
"AMO03E7Q";"CPF01021";"ASO0Q7EN";"0004298282-1";"A5";"A";5;"NM_021821";"MRPS35";"mitochondrial ribosomal protein S35";60488;"s34088";"1 nmole";5;"http://www.ambion.com/catalog/exon_sirna.php?id=34088";"GUAGUAGUCUUAAGAGUAAtt";"UUACUCUUAAGACUACUACtc";;;;;;1052086110;
"AMO03E7Q";"CPF01021";"ASO0Q7EP";"0004298282-1";"A7";"A";7;"NM_019091";"PLEKHA3";"pleckstrin homology domain containing, family A (phosphoinositide binding specific) member 3";65977;"s35287";"1 nmole";6;"http://www.ambion.com/catalog/exon_sirna.php?id=35287";"CCCUGGUUCUUGCAGUUCAtt";"UGAACUGCAAGAACCAGGGtg";;;;;;1052086112;
"AMO03E7Q";"CPF01021";"ASO0Q7EQ";"0004298282-1";"A8";"A";8;"NM_019091";"PLEKHA3";"pleckstrin homology domain containing, family A (phosphoinositide binding specific) member 3";65977;"s35288";"1 nmole";7;"http://www.ambion.com/catalog/exon_sirna.php?id=35288";"GAACCUACUCAGAUACAGAtt";"UCUGUAUCUGAGUAGGUUCtt";;;;;;1052086113;
"AMO03E7Q";"CPF01021";"ASO0Q7ER";"0004298282-1";"A9";"A";9;"NM_019091";"PLEKHA3";"pleckstrin homology domain containing, family A (phosphoinositide binding specific) member 3";65977;"s35289";"1 nmole";3;"http://www.ambion.com/catalog/exon_sirna.php?id=35289";"GACUGAUACAAGGACUAAAtt";"UUUAGUCCUUGUAUCAGUCaa";;;;;;1052086114;
"AMO03E7Q";"CPF01021";"ASO0Q7ES";"0004298282-1";"A10";"A";10;"NM_017447";"C21orf91";"chromosome 21 open reading frame 91";54149;"s28887";"1 nmole";3;"http://www.ambion.com/catalog/exon_sirna.php?id=28887";"CUUUCUAUGUUACAAGAUUtt";"AAUCUUGUAACAUAGAAAGtc";;;;;;1052086115;
"AMO03E7Q";"CPF01021";"ASO0Q7ET";"0004298282-1";"A11";"A";11;"NM_017447";"C21orf91";"chromosome 21 open reading frame 91";54149;"s28888";"1 nmole";5;"http://www.ambion.com/catalog/exon_sirna.php?id=28888";"GAACUGUUCUAAGUUACCAtt";"UGGUAACUUAGAACAGUUCtt";;;;;;1052086116;
"AMO03E7Q";"CPF01021";"ASO0Q7EU";"0004298282-1";"B1";"B";1;"NM_017447";"C21orf91";"chromosome 21 open reading frame 91";54149;"s28889";"1 nmole";4;"http://www.ambion.com/catalog/exon_sirna.php?id=28889";"CCAGGUUUUUGAAGAGUUAtt";"UAACUCUUCAAAAACCUGGat";;;;;;1052086129;
"AMO03E7Q";"CPF01021";"ASO0Q7EV";"0004298282-1";"B2";"B";2;"NM_198560";"LHFPL4";"lipoma HMGIC fusion partner-like 4";375323;"s51687";"1 nmole";2;"http://www.ambion.com/catalog/exon_sirna.php?id=51687";"CGGCUACGGUCUACAAGAUtt";"AUCUUGUAGACCGUAGCCGtg";;;;;;1052086128;
"AMO03E7Q";"CPF01021";"ASO0Q7EW";"0004298282-1";"B3";"B";3;"NM_198560";"LHFPL4";"lipoma HMGIC fusion partner-like 4";375323;"s51688";"1 nmole";2;"http://www.ambion.com/catalog/exon_sirna.php?id=51688";"ACACGGCUACGGUCUACAAtt";"UUGUAGACCGUAGCCGUGUtg";;;;;;1052086127;
"AMO03E7Q";"CPF01021";"ASO0Q7EX";"0004298282-1";"B4";"B";4;"NM_198560";"LHFPL4";"lipoma HMGIC fusion partner-like 4";375323;"s51689";"1 nmole";3;"http://www.ambion.com/catalog/exon_sirna.php?id=51689";"AGAUUUUGUGGGCUCUACAtt";"UGUAGAGCCCACAAAAUCUtt";;;;;;1052086126;
"AMO03E7Q";"CPF01021";"ASO0Q7EY";"0004298282-1";"B5";"B";5;"NM_001964";"EGR1";"early growth response 1";1958;"s4537";"1 nmole";2;"http://www.ambion.com/catalog/exon_sirna.php?id=4537";"GGACAUGACAGCAACCUUUtt";"AAAGGUUGCUGUCAUGUCCga";;;;;;1052086125;
"AMO03E7Q";"CPF01021";"ASO0Q7EZ";"0004298282-1";"B6";"B";6;"NM_020529";"NFKBIA";"nuclear factor of kappa light polypeptide gene enhancer in B-cells inhibitor, alpha";4792;"s9510";"1 nmole";"Not Determined";"Not Available";"GCACUGACCAUGGAAGUGAtt";"UCACUUCCAUGGUCAGUGCct";;;;;;1052086124;
"AMO03E7Q";"CPF01021";"ASO0Q7F0";"0004298282-1";"B7";"B";7;"NM_020529";"NFKBIA";"nuclear factor of kappa light polypeptide gene enhancer in B-cells inhibitor, alpha";4792;"s9511";"1 nmole";"Not Determined";"Not Available";"CAAGCACCCGGAUACAGCAtt";"UGCUGUAUCCGGGUGCUUGgg";;;;;;1052086123;
"AMO03E7Q";"CPF01021";"ASO0Q7F1";"0004298282-1";"B8";"B";8;"NM_020529";"NFKBIA";"nuclear factor of kappa light polypeptide gene enhancer in B-cells inhibitor, alpha";4792;"s9512";"1 nmole";"Not Determined";"Not Available";"AGUUCACGGAGUUCACAGAtt";"UCUGUGAACUCCGUGAACUct";;;;;;1052086117;
